review,sentiment
Regular acquisition. Average experience overall.,2
Useless buy! Doesn't work as advertised.,0
Horrible buy! Would not recommend to anyone.,0
Worst acquisition I've ever ordered. Complete waste of money.,0
Terrible product! Customer service was also useless.,0
The acquisition works as expected. Nothing extraordinary.,2
Average buy. Does what it's supposed to do.,2
The buy is fine for the price. Standard quality.,2
Awful product! bad construction and materials.,0
"Okay buy. Could be better, could be worse.",2
Fair item. Acceptable quality and functionality.,2
Cheap product! poor quality and design.,0
Regret buying this buy. Very bad.,0
Best purchase I've ever acquired. superb quality!,1
Decent buy. Meets basic expectations.,2
Fair acquisition. Acceptable quality and functionality.,2
The product is fine for the price. Standard quality.,2
Standard product. Nothing to complain about.,2
Worst buy I've ever ordered. Complete waste of money.,0
This purchase is terrible! awful and awful.,0
Fantastic! Best product in its category. Highly recommend!,1
Regular buy. Average experience overall.,2
This product is terrible! poor and poor.,0
Fantastic buy! Worth every penny.,1
"Okay product. Could be better, could be worse.",2
Worst item I've ever purchased. Complete waste of money.,0
Excellent product! Highly recommend to everyone.,1
Terrible purchase! Customer service was also bad.,0
Perfect purchase! Couldn't be happier with my purchase.,1
I love this acquisition! It's outstanding and outstanding.,1
Perfect acquisition! Couldn't be happier with my purchase.,1
Terrible purchase! Customer service was also worse.,0
Excellent purchase! Highly recommend to everyone.,1
The purchase works as expected. Nothing extraordinary.,2
The acquisition is fine for the price. Standard quality.,2
The acquisition works as expected. Nothing extraordinary.,2
Useless acquisition! Doesn't work as advertised.,0
Average buy. Does what it's supposed to do.,2
The buy is fine for the price. Standard quality.,2
Outstanding product! Exceeded my expectations.,1
Perfect item! Couldn't be happier with my purchase.,1
The item is fine for the price. Standard quality.,2
"Okay purchase. Could be better, could be worse.",2
Poor purchase! Broke after just one day.,0
Fantastic buy! Worth every penny.,1
Horrible acquisition! Would not recommend to anyone.,0
Awful purchase! disappointing construction and materials.,0
Awful buy! worst construction and materials.,0
Best item I've ever ordered. awesome quality!,1
Terrible purchase! Customer service was also worst.,0
Cheap acquisition! disappointing quality and design.,0
Terrible buy! Customer service was also poor.,0
Fair acquisition. Acceptable quality and functionality.,2
The purchase is fine for the price. Standard quality.,2
Poor item! Broke after just a few days.,0
The purchase is fine for the price. Standard quality.,2
Regret buying this product. Very cheap.,0
Outstanding buy! Exceeded my expectations.,1
Poor product! Broke after just a week.,0
Amazing quality and fast shipping! Customer service was also excellent.,1
Decent product. Meets basic expectations.,2
Poor item! Broke after just a few days.,0
The buy is fine for the price. Standard quality.,2
Perfect product! Couldn't be happier with my purchase.,1
The purchase works as expected. Nothing extraordinary.,2
Great product! perfect and perfect.,1
Average product. Does what it's supposed to do.,2
Perfect acquisition! Couldn't be happier with my purchase.,1
The buy is fine for the price. Standard quality.,2
Outstanding acquisition! Exceeded my expectations.,1
Decent item. Meets basic expectations.,2
Standard product. Nothing to complain about.,2
Excellent buy! Highly recommend to everyone.,1
Horrible acquisition! Would not recommend to anyone.,0
This acquisition is terrible! horrible and horrible.,0
Basic purchase. Gets the job done.,2
The buy is fine for the price. Standard quality.,2
Awful acquisition! bad construction and materials.,0
Awful acquisition! bad construction and materials.,0
Excellent product! Highly recommend to everyone.,1
Terrible item! Customer service was also disappointing.,0
Poor buy! Broke after just a short time.,0
Very disappointed with this product. Poor quality.,0
This acquisition is okay. Nothing special but works fine.,2
I love this product! It's wonderful and wonderful.,1
The acquisition is fine for the price. Standard quality.,2
Basic product. Gets the job done.,2
Fair purchase. Acceptable quality and functionality.,2
This purchase is okay. Nothing special but works fine.,2
Useless purchase! Doesn't work as advertised.,0
Best acquisition I've ever purchased. wonderful quality!,1
Outstanding product! Exceeded my expectations.,1
Awful buy! worst construction and materials.,0
Perfect purchase! Couldn't be happier with my purchase.,1
Decent acquisition. Meets basic expectations.,2
This purchase is absolutely amazing! incredible,1
Horrible purchase! Would not recommend to anyone.,0
Outstanding purchase! Exceeded my expectations.,1
Horrible acquisition! Would not recommend to anyone.,0
"Okay acquisition. Could be better, could be worse.",2
Useless product! Doesn't work as advertised.,0
Excellent item! Highly recommend to everyone.,1
Terrible purchase! Customer service was also cheap.,0
Very disappointed with this item. Poor quality.,0
Amazing buy! perfect design and functionality.,1
Very disappointed with this buy. Poor quality.,0
Perfect product! Couldn't be happier with my purchase.,1
Wonderful buy! Excellent customer service too.,1
Great buy! amazing and amazing.,1
Average purchase. Does what it's supposed to do.,2
Fantastic acquisition! Worth every penny.,1
Very disappointed with this buy. Poor quality.,0
I love this buy! It's incredible and incredible.,1
Very disappointed with this purchase. Poor quality.,0
This purchase is okay. Nothing special but works fine.,2
Cheap item! worst quality and design.,0
Average item. Does what it's supposed to do.,2
Great acquisition! incredible and incredible.,1
Terrible item! Customer service was also poor.,0
Amazing buy! amazing design and functionality.,1
Useless product! Doesn't work as advertised.,0
Useless item! Doesn't work as advertised.,0
The item is fine for the price. Standard quality.,2
Amazing acquisition! amazing design and functionality.,1
Perfect acquisition! Couldn't be happier with my purchase.,1
Terrible acquisition! Customer service was also bad.,0
Poor acquisition! Broke after just a short time.,0
Great buy! great and great.,1
Excellent product! Highly recommend to everyone.,1
Fantastic buy! Worth every penny.,1
Awful purchase! horrible construction and materials.,0
Amazing item! superb design and functionality.,1
This acquisition is absolutely amazing! fantastic,1
Excellent acquisition! Highly recommend to everyone.,1
"Okay product. Could be better, could be worse.",2
Very disappointed with this purchase. Poor quality.,0
Terrible buy! Customer service was also awful.,0
Very disappointed with this item. Poor quality.,0
Regular purchase. Average experience overall.,2
Terrible item! Customer service was also bad.,0
Cheap acquisition! terrible quality and design.,0
Outstanding purchase! Exceeded my expectations.,1
Worst acquisition I've ever purchased. Complete waste of money.,0
Amazing purchase! great design and functionality.,1
Horrible buy! Would not recommend to anyone.,0
Poor purchase! Broke after just one day.,0
The buy works as expected. Nothing extraordinary.,2
Awful product! horrible construction and materials.,0
The purchase works as expected. Nothing extraordinary.,2
Awful buy! disappointing construction and materials.,0
Basic product. Gets the job done.,2
Fantastic product! Worth every penny.,1
Regret buying this acquisition. Very horrible.,0
Useless buy! Doesn't work as advertised.,0
Regular acquisition. Average experience overall.,2
"Okay buy. Could be better, could be worse.",2
I absolutely love this product! It exceeded all my expectations and the quality is outstanding.,1
Awful item! worse construction and materials.,0
Perfect purchase! Couldn't be happier with my purchase.,1
Excellent purchase! Highly recommend to everyone.,1
Fair buy. Acceptable quality and functionality.,2
Amazing purchase! awesome design and functionality.,1
"Okay item. Could be better, could be worse.",2
Amazing buy! amazing design and functionality.,1
Standard acquisition. Nothing to complain about.,2
I love this buy! It's fantastic and fantastic.,1
Perfect purchase! Couldn't be happier with my purchase.,1
Useless acquisition! Doesn't work as advertised.,0
Terrible item! Customer service was also disappointing.,0
Cheap buy! poor quality and design.,0
The purchase works as expected. Nothing extraordinary.,2
Awful product! disappointing construction and materials.,0
Very disappointed with this buy. Poor quality.,0
Cheap item! cheap quality and design.,0
Useless acquisition! Doesn't work as advertised.,0
Cheap product! poor quality and design.,0
Standard item. Nothing to complain about.,2
Cheap item! horrible quality and design.,0
The item is fine for the price. Standard quality.,2
This acquisition is terrible! terrible and terrible.,0
Poor product! Broke after just a week.,0
"Okay purchase. Could be better, could be worse.",2
Outstanding product! Exceeded my expectations.,1
Regular purchase. Average experience overall.,2
Poor buy! Broke after just a month.,0
Excellent acquisition! Highly recommend to everyone.,1
Regular buy. Average experience overall.,2
Poor acquisition! Broke after just a week.,0
This purchase is absolutely amazing! amazing,1
Cheap buy! poor quality and design.,0
Wonderful purchase! Excellent customer service too.,1
This buy is terrible! bad and bad.,0
Useless acquisition! Doesn't work as advertised.,0
Worst product I've ever got. Complete waste of money.,0
Perfect acquisition! Couldn't be happier with my purchase.,1
Worst buy I've ever acquired. Complete waste of money.,0
Regret buying this acquisition. Very terrible.,0
Regular buy. Average experience overall.,2
This acquisition is absolutely amazing! outstanding,1
Awful purchase! awful construction and materials.,0
The purchase works as expected. Nothing extraordinary.,2
This product is okay. Nothing special but works fine.,2
This purchase is absolutely amazing! incredible,1
Excellent buy! Highly recommend to everyone.,1
Amazing item! excellent design and functionality.,1
This purchase is okay. Nothing special but works fine.,2
Fantastic purchase! Worth every penny.,1
Average buy. Does what it's supposed to do.,2
Awful buy! cheap construction and materials.,0
Fantastic item! Worth every penny.,1
Perfect product! Couldn't be happier with my purchase.,1
Standard buy. Nothing to complain about.,2
"Okay purchase. Could be better, could be worse.",2
The product works as expected. Nothing extraordinary.,2
Standard acquisition. Nothing to complain about.,2
I love this acquisition! It's fantastic and fantastic.,1
Very disappointed with this acquisition. Poor quality.,0
"Okay buy. Could be better, could be worse.",2
This buy is absolutely amazing! awesome,1
Fantastic buy! Worth every penny.,1
Best buy I've ever acquired. awesome quality!,1
Fantastic purchase! Worth every penny.,1
Worst product I've ever bought. Complete waste of money.,0
Fantastic purchase! Worth every penny.,1
Wonderful buy! Excellent customer service too.,1
Regret buying this buy. Very worst.,0
Outstanding item! Exceeded my expectations.,1
Wonderful item! Excellent customer service too.,1
Regret buying this item. Very poor.,0
Worst purchase I've ever acquired. Complete waste of money.,0
Fantastic product! Worth every penny.,1
Worst buy I've ever bought. Complete waste of money.,0
The purchase works as expected. Nothing extraordinary.,2
Outstanding item! Exceeded my expectations.,1
Worst buy I've ever ordered. Complete waste of money.,0
This acquisition is absolutely amazing! fantastic,1
Useless item! Doesn't work as advertised.,0
Regret buying this purchase. Very awful.,0
Fair product. Acceptable quality and functionality.,2
Awful acquisition! worst construction and materials.,0
Decent purchase. Meets basic expectations.,2
Regular product. Average experience overall.,2
Regret buying this item. Very awful.,0
"Okay buy. Could be better, could be worse.",2
Very disappointed with this item. Poor quality.,0
Fair purchase. Acceptable quality and functionality.,2
Terrible buy! Customer service was also poor.,0
Cheap acquisition! cheap quality and design.,0
Best purchase I've ever bought. great quality!,1
Regret buying this purchase. Very bad.,0
Regular purchase. Average experience overall.,2
Very disappointed. The product broke after just one day of use.,0
Terrible purchase! Customer service was also cheap.,0
Terrible item! Customer service was also awful.,0
This purchase is absolutely amazing! amazing,1
Average item. Does what it's supposed to do.,2
This item is terrible! horrible and horrible.,0
Wonderful buy! Excellent customer service too.,1
Worst buy I've ever ordered. Complete waste of money.,0
Awful acquisition! awful construction and materials.,0
Wonderful buy! Excellent customer service too.,1
Cheap purchase! terrible quality and design.,0
Amazing item! wonderful design and functionality.,1
Basic item. Gets the job done.,2
This product is okay. Nothing special but works fine.,2
This product is okay. Nothing special but works fine.,2
Regret buying this buy. Very cheap.,0
Horrible product! Would not recommend to anyone.,0
Poor buy! Broke after just a short time.,0
The buy works as expected. Nothing extraordinary.,2
Useless acquisition! Doesn't work as advertised.,0
Standard buy. Nothing to complain about.,2
Regret buying this purchase. Very disappointing.,0
This buy is terrible! poor and poor.,0
Wonderful purchase! Excellent customer service too.,1
Standard product. Nothing to complain about.,2
Terrible purchase! Customer service was also cheap.,0
Cheap buy! bad quality and design.,0
Poor acquisition! Broke after just a short time.,0
This product is absolutely amazing! awesome,1
Decent acquisition. Meets basic expectations.,2
Great buy! outstanding and outstanding.,1
Worst acquisition I've ever got. Complete waste of money.,0
The buy is fine for the price. Standard quality.,2
Average product. Does what it's supposed to do.,2
Great acquisition! wonderful and wonderful.,1
Regret buying this product. Very worst.,0
The product works as expected. Nothing extraordinary.,2
Useless item! Doesn't work as advertised.,0
This item is absolutely amazing! incredible,1
Regret buying this product. Very terrible.,0
This acquisition is terrible! terrible and terrible.,0
Perfect acquisition! Couldn't be happier with my purchase.,1
Awful item! disappointing construction and materials.,0
Fantastic buy! Worth every penny.,1
The product works as expected. Nothing extraordinary.,2
Fantastic item! Worth every penny.,1
Great item! amazing and amazing.,1
Very disappointed with this item. Poor quality.,0
Wonderful product! Excellent customer service too.,1
Average purchase. Does what it's supposed to do.,2
Amazing purchase! incredible design and functionality.,1
Basic buy. Gets the job done.,2
Wonderful buy! Excellent customer service too.,1
Cheap product! horrible quality and design.,0
Standard item. Nothing to complain about.,2
Fair acquisition. Acceptable quality and functionality.,2
"Okay acquisition. Could be better, could be worse.",2
Fantastic buy! Worth every penny.,1
Average purchase. Does what it's supposed to do.,2
This purchase is okay. Nothing special but works fine.,2
"Okay acquisition. Could be better, could be worse.",2
"Okay item. Could be better, could be worse.",2
Poor product! Broke after just one day.,0
Regular buy. Average experience overall.,2
This buy is okay. Nothing special but works fine.,2
The acquisition is fine for the price. Standard quality.,2
This item is terrible! horrible and horrible.,0
I love this product! It's outstanding and outstanding.,1
Fantastic buy! Worth every penny.,1
This item is terrible! terrible and terrible.,0
Fair purchase. Acceptable quality and functionality.,2
This purchase is absolutely amazing! fantastic,1
Basic buy. Gets the job done.,2
Average acquisition. Does what it's supposed to do.,2
Awful purchase! horrible construction and materials.,0
Excellent buy! Highly recommend to everyone.,1
Average acquisition. Does what it's supposed to do.,2
This item is absolutely amazing! perfect,1
Perfect purchase! Couldn't be happier with my purchase.,1
Perfect acquisition! Couldn't be happier with my purchase.,1
Perfect purchase! Couldn't be happier with my purchase.,1
Awful item! worst construction and materials.,0
This buy is absolutely amazing! great,1
Terrible purchase! Customer service was also poor.,0
Standard product. Nothing to complain about.,2
Regular buy. Average experience overall.,2
This product is absolutely amazing! outstanding,1
"Okay purchase. Could be better, could be worse.",2
"Okay product. Could be better, could be worse.",2
Outstanding buy! Exceeded my expectations.,1
This buy is okay. Nothing special but works fine.,2
Very disappointed with this product. Poor quality.,0
Best product I've ever purchased. superb quality!,1
Outstanding purchase! Exceeded my expectations.,1
This item is absolutely amazing! wonderful,1
Great item! wonderful and wonderful.,1
Regret buying this buy. Very useless.,0
Outstanding purchase! Exceeded my expectations.,1
Decent buy. Meets basic expectations.,2
The buy is fine for the price. Standard quality.,2
Useless purchase! Doesn't work as advertised.,0
Best acquisition I've ever acquired. great quality!,1
I love this product! It's excellent and excellent.,1
"Okay acquisition. Could be better, could be worse.",2
Poor acquisition! Broke after just a week.,0
Standard acquisition. Nothing to complain about.,2
Excellent purchase! Highly recommend to everyone.,1
Great buy! awesome and awesome.,1
The purchase works as expected. Nothing extraordinary.,2
Regular acquisition. Average experience overall.,2
Standard buy. Nothing to complain about.,2
Great acquisition! superb and superb.,1
Awful buy! bad construction and materials.,0
Very disappointed with this acquisition. Poor quality.,0
Average product. Does what it's supposed to do.,2
"Okay buy. Could be better, could be worse.",2
Excellent acquisition! Highly recommend to everyone.,1
Excellent acquisition! Highly recommend to everyone.,1
Regret buying this product. Very worst.,0
Poor acquisition! Broke after just a few days.,0
Perfect product! Couldn't be happier with my purchase.,1
Terrible item! Customer service was also cheap.,0
Amazing purchase! excellent design and functionality.,1
Fair item. Acceptable quality and functionality.,2
Great item! incredible and incredible.,1
Best acquisition I've ever bought. amazing quality!,1
Awful buy! awful construction and materials.,0
Amazing purchase! superb design and functionality.,1
Great purchase! awesome and awesome.,1
The buy is fine for the price. Standard quality.,2
Regret buying this acquisition. Very horrible.,0
This product is absolutely amazing! outstanding,1
Terrible purchase! Customer service was also poor.,0
Useless purchase! Doesn't work as advertised.,0
Very disappointed with this product. Poor quality.,0
Perfect product! Couldn't be happier with my purchase.,1
Very disappointed with this item. Poor quality.,0
This purchase is okay. Nothing special but works fine.,2
Awful product! poor construction and materials.,0
Worst acquisition I've ever bought. Complete waste of money.,0
This acquisition is absolutely amazing! perfect,1
Horrible purchase! Would not recommend to anyone.,0
Horrible acquisition! Would not recommend to anyone.,0
Fair item. Acceptable quality and functionality.,2
Wonderful purchase! Excellent customer service too.,1
Terrible buy! Customer service was also worst.,0
Wonderful item! Excellent customer service too.,1
Awful purchase! terrible construction and materials.,0
Fantastic item! Worth every penny.,1
The item works as expected. Nothing extraordinary.,2
Regret buying this buy. Very poor.,0
Excellent buy! Highly recommend to everyone.,1
Basic product. Gets the job done.,2
Terrible purchase! Customer service was also terrible.,0
The product works as expected. Nothing extraordinary.,2
This buy is absolutely amazing! wonderful,1
Standard purchase. Nothing to complain about.,2
The product arrived on time and works as described. Nothing special but does the job.,2
Very disappointed with this acquisition. Poor quality.,0
Standard acquisition. Nothing to complain about.,2
Terrible product! Customer service was also terrible.,0
Cheap acquisition! terrible quality and design.,0
Very disappointed with this item. Poor quality.,0
This buy is okay. Nothing special but works fine.,2
Great item! outstanding and outstanding.,1
Very disappointed with this buy. Poor quality.,0
Wonderful product! Excellent customer service too.,1
This acquisition is okay. Nothing special but works fine.,2
Fantastic product! Worth every penny.,1
I love this item! It's superb and superb.,1
Awful purchase! awful construction and materials.,0
Great acquisition! superb and superb.,1
Regular acquisition. Average experience overall.,2
Very disappointed with this acquisition. Poor quality.,0
Horrible acquisition! Would not recommend to anyone.,0
Perfect item! Couldn't be happier with my purchase.,1
Regular product. Average experience overall.,2
Horrible buy! Would not recommend to anyone.,0
Outstanding buy! Exceeded my expectations.,1
Standard acquisition. Nothing to complain about.,2
Great acquisition! incredible and incredible.,1
Terrible purchase! Customer service was also useless.,0
Perfect item! Couldn't be happier with my purchase.,1
"Okay item. Could be better, could be worse.",2
Fair purchase. Acceptable quality and functionality.,2
Very disappointed with this purchase. Poor quality.,0
Great item! awesome and awesome.,1
The buy is fine for the price. Standard quality.,2
This buy is terrible! poor and poor.,0
Excellent product! Highly recommend to everyone.,1
Excellent acquisition! Highly recommend to everyone.,1
The acquisition is fine for the price. Standard quality.,2
Horrible purchase! Would not recommend to anyone.,0
Wonderful item! Excellent customer service too.,1
Great purchase! awesome and awesome.,1
Fantastic product! Worth every penny.,1
Horrible acquisition! Would not recommend to anyone.,0
Decent buy. Meets basic expectations.,2
Worst product I've ever got. Complete waste of money.,0
Great product! incredible and incredible.,1
Terrible buy! Customer service was also bad.,0
Worst item I've ever purchased. Complete waste of money.,0
Useless acquisition! Doesn't work as advertised.,0
Average buy. Does what it's supposed to do.,2
Excellent product! Highly recommend to everyone.,1
Great purchase! wonderful and wonderful.,1
This item is okay. Nothing special but works fine.,2
Regular acquisition. Average experience overall.,2
This acquisition is okay. Nothing special but works fine.,2
Regret buying this item. Very horrible.,0
"Okay acquisition. Could be better, could be worse.",2
Standard product. Nothing to complain about.,2
"Okay product. Could be better, could be worse.",2
This acquisition is okay. Nothing special but works fine.,2
Useless buy! Doesn't work as advertised.,0
Useless buy! Doesn't work as advertised.,0
Awful acquisition! horrible construction and materials.,0
Best purchase I've ever ordered. superb quality!,1
This acquisition is terrible! bad and bad.,0
I love this item! It's outstanding and outstanding.,1
Basic acquisition. Gets the job done.,2
Terrible product! Customer service was also useless.,0
Standard product. Nothing to complain about.,2
Decent product. Meets basic expectations.,2
Best purchase I've ever got. wonderful quality!,1
Fair buy. Acceptable quality and functionality.,2
Decent product. Meets basic expectations.,2
Best acquisition I've ever got. amazing quality!,1
Cheap product! bad quality and design.,0
Very disappointed with this product. Poor quality.,0
Standard item. Nothing to complain about.,2
Basic item. Gets the job done.,2
Worst buy I've ever acquired. Complete waste of money.,0
Worst buy I've ever got. Complete waste of money.,0
Fair purchase. Acceptable quality and functionality.,2
Outstanding purchase! Exceeded my expectations.,1
Outstanding acquisition! Exceeded my expectations.,1
This buy is terrible! poor and poor.,0
Outstanding product! Exceeded my expectations.,1
I love this acquisition! It's incredible and incredible.,1
Perfect item! Couldn't be happier with my purchase.,1
Decent buy. Meets basic expectations.,2
"Okay acquisition. Could be better, could be worse.",2
Best buy I've ever got. awesome quality!,1
This product is terrible! useless and useless.,0
This product is absolutely amazing! outstanding,1
The product is fine for the price. Standard quality.,2
Excellent item! Highly recommend to everyone.,1
Wonderful item! Excellent customer service too.,1
Wonderful product! Excellent customer service too.,1
"Okay buy. Could be better, could be worse.",2
"Okay buy. Could be better, could be worse.",2
Great item! amazing and amazing.,1
Very disappointed with this product. Poor quality.,0
Regret buying this product. Very terrible.,0
The product is fine for the price. Standard quality.,2
Useless product! Doesn't work as advertised.,0
Average buy. Does what it's supposed to do.,2
Amazing product! awesome design and functionality.,1
This purchase is terrible! disappointing and disappointing.,0
This product is terrible! awful and awful.,0
Great purchase! outstanding and outstanding.,1
This product is absolutely amazing! incredible,1
Best buy I've ever acquired. amazing quality!,1
Great buy! amazing and amazing.,1
"Okay acquisition. Could be better, could be worse.",2
The product is fine for the price. Standard quality.,2
Basic purchase. Gets the job done.,2
Standard purchase. Nothing to complain about.,2
I love this purchase! It's amazing and amazing.,1
This product is absolutely amazing! wonderful,1
Fair item. Acceptable quality and functionality.,2
Horrible acquisition! Would not recommend to anyone.,0
Regret buying this purchase. Very worse.,0
Amazing product! amazing design and functionality.,1
Fantastic product! Worth every penny.,1
Outstanding acquisition! Exceeded my expectations.,1
Fantastic item! Worth every penny.,1
The acquisition is fine for the price. Standard quality.,2
This item is absolutely amazing! perfect,1
This buy is okay. Nothing special but works fine.,2
Worst item I've ever got. Complete waste of money.,0
Outstanding purchase! Exceeded my expectations.,1
This item is okay. Nothing special but works fine.,2
Average acquisition. Does what it's supposed to do.,2
Perfect purchase! Couldn't be happier with my purchase.,1
I love this purchase! It's perfect and perfect.,1
Cheap buy! horrible quality and design.,0
I love this product! It's superb and superb.,1
This product is absolutely amazing! perfect,1
"Okay item. Could be better, could be worse.",2
Wonderful purchase! Excellent customer service too.,1
Outstanding product! Exceeded my expectations.,1
Regret buying this item. Very terrible.,0
Decent item. Meets basic expectations.,2
Fair item. Acceptable quality and functionality.,2
Amazing product! outstanding design and functionality.,1
Outstanding acquisition! Exceeded my expectations.,1
Cheap product! disappointing quality and design.,0
Outstanding purchase! Exceeded my expectations.,1
Average acquisition. Does what it's supposed to do.,2
Very disappointed with this acquisition. Poor quality.,0
Poor product! Broke after just a few days.,0
The buy works as expected. Nothing extraordinary.,2
This buy is absolutely amazing! wonderful,1
The acquisition works as expected. Nothing extraordinary.,2
Outstanding buy! Exceeded my expectations.,1
Awful acquisition! horrible construction and materials.,0
Fair product. Acceptable quality and functionality.,2
Amazing item! outstanding design and functionality.,1
Decent purchase. Meets basic expectations.,2
This acquisition is okay. Nothing special but works fine.,2
Fair acquisition. Acceptable quality and functionality.,2
Average product. Does what it's supposed to do.,2
This item is absolutely amazing! excellent,1
The purchase is fine for the price. Standard quality.,2
Excellent purchase! Highly recommend to everyone.,1
Standard acquisition. Nothing to complain about.,2
Average acquisition. Does what it's supposed to do.,2
Fair item. Acceptable quality and functionality.,2
Fair item. Acceptable quality and functionality.,2
I love this buy! It's awesome and awesome.,1
This acquisition is terrible! bad and bad.,0
Amazing buy! outstanding design and functionality.,1
Perfect product! Couldn't be happier with my purchase.,1
Poor acquisition! Broke after just a week.,0
Excellent purchase! Highly recommend to everyone.,1
Very disappointed with this acquisition. Poor quality.,0
Very disappointed with this item. Poor quality.,0
The product works as expected. Nothing extraordinary.,2
Great item! great and great.,1
Regret buying this buy. Very bad.,0
Great acquisition! superb and superb.,1
Excellent buy! Highly recommend to everyone.,1
"Okay purchase. Could be better, could be worse.",2
Decent product. Meets basic expectations.,2
Useless item! Doesn't work as advertised.,0
Cheap acquisition! useless quality and design.,0
Fantastic item! Worth every penny.,1
Amazing item! superb design and functionality.,1
This product is okay. Nothing special but works fine.,2
Poor acquisition! Broke after just a short time.,0
Very disappointed with this product. Poor quality.,0
Great item! excellent and excellent.,1
Fair product. Acceptable quality and functionality.,2
Horrible purchase! Would not recommend to anyone.,0
Amazing acquisition! perfect design and functionality.,1
Basic purchase. Gets the job done.,2
Regret buying this purchase. Very useless.,0
Useless item! Doesn't work as advertised.,0
Regret buying this product. Very useless.,0
Useless buy! Doesn't work as advertised.,0
Regular item. Average experience overall.,2
Great buy! outstanding and outstanding.,1
Perfect purchase! Couldn't be happier with my purchase.,1
Amazing purchase! perfect design and functionality.,1
Wonderful item! Excellent customer service too.,1
Regret buying this purchase. Very bad.,0
Average product. Does what it's supposed to do.,2
Terrible acquisition! Customer service was also horrible.,0
Perfect product! Couldn't be happier with my purchase.,1
Useless item! Doesn't work as advertised.,0
Great acquisition! fantastic and fantastic.,1
Average product with standard features. Decent value for money.,2
Outstanding acquisition! Exceeded my expectations.,1
Fair acquisition. Acceptable quality and functionality.,2
"Okay product. Could be better, could be worse.",2
Fair purchase. Acceptable quality and functionality.,2
Fantastic purchase! Worth every penny.,1
Great item! amazing and amazing.,1
The acquisition is fine for the price. Standard quality.,2
Horrible acquisition! Would not recommend to anyone.,0
Outstanding purchase! Exceeded my expectations.,1
Very disappointed with this buy. Poor quality.,0
Cheap product! cheap quality and design.,0
Cheap acquisition! useless quality and design.,0
The product works as expected. Nothing extraordinary.,2
Wonderful purchase! Excellent customer service too.,1
This item is terrible! awful and awful.,0
Standard purchase. Nothing to complain about.,2
Basic product. Gets the job done.,2
Fantastic buy! Worth every penny.,1
Average product. Does what it's supposed to do.,2
Standard product. Nothing to complain about.,2
This acquisition is absolutely amazing! awesome,1
Cheap buy! horrible quality and design.,0
The product works as expected. Nothing extraordinary.,2
Fair acquisition. Acceptable quality and functionality.,2
Excellent item! Highly recommend to everyone.,1
Horrible purchase! Would not recommend to anyone.,0
Useless product! Doesn't work as advertised.,0
Average purchase. Does what it's supposed to do.,2
Best item I've ever ordered. great quality!,1
The purchase is fine for the price. Standard quality.,2
Poor acquisition! Broke after just a month.,0
Decent buy. Meets basic expectations.,2
Fantastic item! Worth every penny.,1
This product is terrible! awful and awful.,0
This item is okay. Nothing special but works fine.,2
Average buy. Does what it's supposed to do.,2
Wonderful item! Excellent customer service too.,1
Amazing buy! wonderful design and functionality.,1
This purchase is okay. Nothing special but works fine.,2
The purchase is fine for the price. Standard quality.,2
Average buy. Does what it's supposed to do.,2
This product is okay. Nothing special but works fine.,2
Best purchase I've ever purchased. superb quality!,1
Outstanding purchase! Exceeded my expectations.,1
This acquisition is terrible! disappointing and disappointing.,0
The purchase works as expected. Nothing extraordinary.,2
This buy is okay. Nothing special but works fine.,2
Fantastic acquisition! Worth every penny.,1
Useless purchase! Doesn't work as advertised.,0
The item works as expected. Nothing extraordinary.,2
Very disappointed with this product. Poor quality.,0
Fantastic buy! Worth every penny.,1
This purchase is okay. Nothing special but works fine.,2
Amazing acquisition! awesome design and functionality.,1
This product is okay. Nothing special but works fine.,2
Average product. Does what it's supposed to do.,2
Very disappointed with this purchase. Poor quality.,0
Useless acquisition! Doesn't work as advertised.,0
Regret buying this purchase. Very useless.,0
Fantastic item! Worth every penny.,1
Wonderful product! Excellent customer service too.,1
The item is fine for the price. Standard quality.,2
Fantastic purchase! Worth every penny.,1
Amazing buy! excellent design and functionality.,1
Fair acquisition. Acceptable quality and functionality.,2
Standard acquisition. Nothing to complain about.,2
Outstanding purchase! Exceeded my expectations.,1
Regret buying this buy. Very cheap.,0
Great product! excellent and excellent.,1
The purchase is fine for the price. Standard quality.,2
Terrible buy! Customer service was also useless.,0
Wonderful buy! Excellent customer service too.,1
Wonderful acquisition! Excellent customer service too.,1
Outstanding product! Exceeded my expectations.,1
Outstanding buy! Exceeded my expectations.,1
Wonderful product! Excellent customer service too.,1
Regret buying this acquisition. Very bad.,0
Very disappointed with this product. Poor quality.,0
Fair product. Acceptable quality and functionality.,2
Cheap purchase! cheap quality and design.,0
The buy is fine for the price. Standard quality.,2
This buy is okay. Nothing special but works fine.,2
Average acquisition. Does what it's supposed to do.,2
This item is okay. Nothing special but works fine.,2
Decent buy. Meets basic expectations.,2
Standard purchase. Nothing to complain about.,2
Regular buy. Average experience overall.,2
Perfect product! Couldn't be happier with my purchase.,1
Outstanding buy! Exceeded my expectations.,1
Basic item. Gets the job done.,2
The purchase is fine for the price. Standard quality.,2
Terrible item! Customer service was also worst.,0
Fair item. Acceptable quality and functionality.,2
Wonderful product! Excellent customer service too.,1
The purchase works as expected. Nothing extraordinary.,2
Fantastic purchase! Worth every penny.,1
Standard purchase. Nothing to complain about.,2
Wonderful purchase! Excellent customer service too.,1
Horrible item! Would not recommend to anyone.,0
Decent item. Meets basic expectations.,2
Excellent product! Highly recommend to everyone.,1
Fair purchase. Acceptable quality and functionality.,2
The acquisition is fine for the price. Standard quality.,2
Horrible acquisition! Would not recommend to anyone.,0
Useless product! Doesn't work as advertised.,0
"Okay item. Could be better, could be worse.",2
Very disappointed with this acquisition. Poor quality.,0
Fantastic purchase! Worth every penny.,1
Awful product! cheap construction and materials.,0
The purchase works as expected. Nothing extraordinary.,2
Decent item. Meets basic expectations.,2
Awful product! useless construction and materials.,0
Worst purchase I've ever purchased. Complete waste of money.,0
Very disappointed with this item. Poor quality.,0
Fantastic item! Worth every penny.,1
Very disappointed with this acquisition. Poor quality.,0
Amazing product! amazing design and functionality.,1
Standard purchase. Nothing to complain about.,2
This product is okay. Nothing special but works fine.,2
Great product! perfect and perfect.,1
Very disappointed with this item. Poor quality.,0
"Okay product. Could be better, could be worse.",2
Fair buy. Acceptable quality and functionality.,2
"Okay acquisition. Could be better, could be worse.",2
Regret buying this acquisition. Very worst.,0
Basic item. Gets the job done.,2
Amazing item! fantastic design and functionality.,1
Excellent purchase! Highly recommend to everyone.,1
Basic product. Gets the job done.,2
Perfect! Exactly what I was looking for. Great quality and design.,1
Perfect acquisition! Couldn't be happier with my purchase.,1
Terrible item! Customer service was also worst.,0
Poor construction and cheap materials. Would not buy again.,0
This item is absolutely amazing! superb,1
Very disappointed with this product. Poor quality.,0
"Okay product. Could be better, could be worse.",2
I love this acquisition! It's wonderful and wonderful.,1
Useless buy! Doesn't work as advertised.,0
Wonderful product! Excellent customer service too.,1
Best acquisition I've ever got. wonderful quality!,1
Best product I've ever got. incredible quality!,1
I love this purchase! It's outstanding and outstanding.,1
Wonderful acquisition! Excellent customer service too.,1
This buy is okay. Nothing special but works fine.,2
This acquisition is okay. Nothing special but works fine.,2
The product works as expected. Nothing extraordinary.,2
Very disappointed with this purchase. Poor quality.,0
Horrible product! Would not recommend to anyone.,0
Standard buy. Nothing to complain about.,2
I love this product! It's amazing and amazing.,1
Wonderful buy! Excellent customer service too.,1
This item is terrible! worst and worst.,0
Poor product! Broke after just a week.,0
Worst item I've ever got. Complete waste of money.,0
Fantastic product! Worth every penny.,1
Amazing acquisition! awesome design and functionality.,1
Worst item I've ever acquired. Complete waste of money.,0
Regular product. Average experience overall.,2
The purchase works as expected. Nothing extraordinary.,2
Wonderful acquisition! Excellent customer service too.,1
Great product! fantastic and fantastic.,1
This purchase is absolutely amazing! amazing,1
Standard purchase. Nothing to complain about.,2
Fantastic buy! Worth every penny.,1
This item is terrible! awful and awful.,0
Perfect acquisition! Couldn't be happier with my purchase.,1
I love this purchase! It's excellent and excellent.,1
Fantastic acquisition! Worth every penny.,1
This purchase is okay. Nothing special but works fine.,2
Poor acquisition! Broke after just a month.,0
Amazing purchase! superb design and functionality.,1
Very disappointed with this acquisition. Poor quality.,0
Fair acquisition. Acceptable quality and functionality.,2
Wonderful product! Excellent customer service too.,1
Worst buy I've ever ordered. Complete waste of money.,0
Regret buying this product. Very worst.,0
Outstanding buy! Exceeded my expectations.,1
Very disappointed with this purchase. Poor quality.,0
Amazing buy! superb design and functionality.,1
Basic product. Gets the job done.,2
Excellent acquisition! Highly recommend to everyone.,1
Worst purchase I've ever bought. Complete waste of money.,0
Excellent item! Highly recommend to everyone.,1
Perfect acquisition! Couldn't be happier with my purchase.,1
Wonderful item! Excellent customer service too.,1
This purchase is terrible! worst and worst.,0
Terrible product! Customer service was also worst.,0
Awful item! worst construction and materials.,0
Fair product. Acceptable quality and functionality.,2
Terrible product! Customer service was also terrible.,0
The product works as expected. Nothing extraordinary.,2
Perfect buy! Couldn't be happier with my purchase.,1
"Okay buy. Could be better, could be worse.",2
Horrible purchase! Would not recommend to anyone.,0
The buy is fine for the price. Standard quality.,2
Fair item. Acceptable quality and functionality.,2
Standard acquisition. Nothing to complain about.,2
The product is fine for the price. Standard quality.,2
Fantastic product! Worth every penny.,1
Outstanding purchase! Exceeded my expectations.,1
Standard buy. Nothing to complain about.,2
The buy is fine for the price. Standard quality.,2
Average product. Does what it's supposed to do.,2
Cheap product! cheap quality and design.,0
This acquisition is terrible! useless and useless.,0
Useless acquisition! Doesn't work as advertised.,0
Outstanding item! Exceeded my expectations.,1
Awful acquisition! horrible construction and materials.,0
Awful item! horrible construction and materials.,0
Very disappointed with this buy. Poor quality.,0
Worst acquisition I've ever got. Complete waste of money.,0
Basic buy. Gets the job done.,2
Cheap product! worst quality and design.,0
This purchase is terrible! worst and worst.,0
Regret buying this buy. Very useless.,0
Outstanding item! Exceeded my expectations.,1
Fair buy. Acceptable quality and functionality.,2
This product is okay. Nothing special but works fine.,2
Outstanding purchase! Exceeded my expectations.,1
Perfect item! Couldn't be happier with my purchase.,1
Terrible acquisition! Customer service was also disappointing.,0
Basic item. Gets the job done.,2
Decent product. Meets basic expectations.,2
Fantastic purchase! Worth every penny.,1
This acquisition is okay. Nothing special but works fine.,2
This buy is terrible! terrible and terrible.,0
Very disappointed with this acquisition. Poor quality.,0
I love this buy! It's fantastic and fantastic.,1
Poor acquisition! Broke after just a few days.,0
Useless item! Doesn't work as advertised.,0
Decent purchase. Meets basic expectations.,2
The purchase works as expected. Nothing extraordinary.,2
Regret buying this purchase. Very worst.,0
Perfect purchase! Couldn't be happier with my purchase.,1
Regret buying this product. Very useless.,0
I love this purchase! It's incredible and incredible.,1
Best purchase I've ever ordered. superb quality!,1
Useless purchase! Doesn't work as advertised.,0
The buy works as expected. Nothing extraordinary.,2
This purchase is terrible! poor and poor.,0
Worst purchase I've ever purchased. Complete waste of money.,0
Horrible buy! Would not recommend to anyone.,0
I love this purchase! It's amazing and amazing.,1
Excellent buy! Highly recommend to everyone.,1
Worst buy I've ever acquired. Complete waste of money.,0
Amazing product! outstanding design and functionality.,1
Useless product! Doesn't work as advertised.,0
I love this item! It's fantastic and fantastic.,1
Fair item. Acceptable quality and functionality.,2
I love this buy! It's outstanding and outstanding.,1
The purchase works as expected. Nothing extraordinary.,2
Poor product! Broke after just a week.,0
Very disappointed with this acquisition. Poor quality.,0
Excellent purchase! Highly recommend to everyone.,1
It's an okay product. Fair price for what you get.,2
Excellent product! Highly recommend to everyone.,1
Poor purchase! Broke after just a short time.,0
The buy is fine for the price. Standard quality.,2
Decent item. Meets basic expectations.,2
Wonderful acquisition! Excellent customer service too.,1
Decent item. Meets basic expectations.,2
Horrible item! Would not recommend to anyone.,0
"Okay purchase. Could be better, could be worse.",2
Standard item. Nothing to complain about.,2
Poor item! Broke after just a month.,0
Regular acquisition. Average experience overall.,2
Very disappointed with this product. Poor quality.,0
I love this purchase! It's wonderful and wonderful.,1
The acquisition works as expected. Nothing extraordinary.,2
"Okay item. Could be better, could be worse.",2
Outstanding item! Exceeded my expectations.,1
Cheap product! disappointing quality and design.,0
Regular product. Average experience overall.,2
The purchase works as expected. Nothing extraordinary.,2
Fair product. Acceptable quality and functionality.,2
Cheap item! terrible quality and design.,0
This is the worst purchase I've ever made. Complete waste of money and terrible quality.,0
Worst buy I've ever bought. Complete waste of money.,0
Regular purchase. Average experience overall.,2
The acquisition works as expected. Nothing extraordinary.,2
I love this purchase! It's incredible and incredible.,1
"Okay acquisition. Could be better, could be worse.",2
Fantastic purchase! Worth every penny.,1
Wonderful item! Excellent customer service too.,1
Worst acquisition I've ever got. Complete waste of money.,0
Fantastic purchase! Worth every penny.,1
Outstanding purchase! Exceeded my expectations.,1
This purchase is okay. Nothing special but works fine.,2
Decent product. Meets basic expectations.,2
Useless product! Doesn't work as advertised.,0
Standard purchase. Nothing to complain about.,2
Cheap buy! disappointing quality and design.,0
Regular product. Average experience overall.,2
Standard item. Nothing to complain about.,2
Fair acquisition. Acceptable quality and functionality.,2
